chapter,title,scene,start_seconds,duration_seconds,hindi
1,THE ORDER,2,4.2,7.132,रात के पौने दस बजे। शहर के एक साधारण फ़्लैट में किसी को याद आता है कि घर में दूध ख़त्म हो गया है।
1,THE ORDER,3,11.932,8.778,दस साल पहले इसका मतलब होता — कल सुबह। पाँच साल पहले — शायद आज रात बाहर निकलना पड़ता।
1,THE ORDER,4,21.11,4.693,"आज इसका मतलब है — एक ऐप, चार चीज़ें, और एक बटन।"
1,THE ORDER,5,26.103,5.041,दूध। चिप्स। शैम्पू। एक ठंडा ड्रिंक। कुल तीन सौ पचास रुपये।
1,THE ORDER,6,31.644,1.605,"और फिर, वो बटन।"
1,THE ORDER,8,36.849,5.928,"इस बटन के दबने और दरवाज़े पर दस्तक होने के बीच, औसतन दस मिनट का फ़ासला है।"
1,THE ORDER,9,43.577,4.693,"दस मिनट में क्या-क्या होता है, ये हमें कभी दिखाई नहीं देता।"
1,THE ORDER,10,48.77,12.007,"इन दस मिनटों में एक पूरी मशीन चलती है। रियल एस्टेट, इन्वेंटरी, एल्गोरिद्म, और इंसानी मेहनत से बनी एक मशीन — जो आपके शहर में, आपके आसपास, चौबीसों घंटे चल रही है।"
1,THE ORDER,11,61.377,6.482,ये फ़िल्म उस मशीन के बारे में है। और उसे समझने के लिए हम सिर्फ़ एक ऑर्डर का पीछा करेंगे।
2,THE INVISIBLE SYSTEM,1,69.259,7.376,"जब आप ऑर्डर बटन दबाते हैं, तो आपके फ़ोन से जो निकलता है वो सामान नहीं है। एक मैसेज है। कुछ सौ बाइट्स का।"
2,THE INVISIBLE SYSTEM,2,77.035,6.806,"उस मैसेज में तीन बातें लिखी होती हैं — आप कौन हैं, आपको क्या चाहिए, और आप कहाँ हैं।"
2,THE INVISIBLE SYSTEM,3,84.341,7.636,"ये मैसेज एक सिस्टम में पहुँचता है जिसे ऑर्डर इंजन कहते हैं। और यहीं से, कुछ मिलीसेकंड में, फ़ैसले शुरू होते हैं।"
2,THE INVISIBLE SYSTEM,4,92.277,8.107,"सबसे पहले पेमेंट की पुष्टि। फिर आपका पता — जो सिर्फ़ एक पता नहीं, एक निर्देशांक है। अक्षांश और देशांतर।"
2,THE INVISIBLE SYSTEM,5,100.784,6.563,"और फिर सबसे अहम सवाल, जिस पर बाक़ी सब टिका है: ये ऑर्डर कहाँ से भेजा जाए?"
2,THE INVISIBLE SYSTEM,6,108.247,4.693,क्योंकि दस मिनट की डिलीवरी तेज़ गाड़ियों से नहीं आती। कम दूरी से आती है।
2,THE INVISIBLE SYSTEM,7,113.64,13.637,"आपका ऑर्डर अब इस रास्ते से गुज़रेगा — ऐप से ऑर्डर इंजन, ऑर्डर इंजन से एक डार्क स्टोर, स्टोर में एक पिकर, पिकर से पैकिंग, पैकिंग से एक राइडर, और राइडर से आपका दरवाज़ा।"
2,THE INVISIBLE SYSTEM,8,127.777,3.637,सात कड़ियाँ। और हर कड़ी पर सेकंड गिने जा रहे हैं।
3,LOCATION INTELLIGENCE,1,132.414,2.417,तो पहला फ़ैसला — कहाँ से?
3,LOCATION INTELLIGENCE,2,135.331,10.951,"आपके शहर के नक्शे पर, कंपनी के पास कई डार्क स्टोर हैं। हर स्टोर एक छोटे इलाक़े की ज़िम्मेदारी उठाता है — आम तौर पर दो से तीन किलोमीटर के दायरे की।"
3,LOCATION INTELLIGENCE,3,146.682,7.132,आपका ऑर्डर आते ही सिस्टम पास के स्टोर्स की एक छोटी सूची बनाता है। और फिर उन्हें आँकता है।
3,LOCATION INTELLIGENCE,4,154.114,2.987,दूरी। क्योंकि दूरी सीधे मिनटों में बदलती है।
3,LOCATION INTELLIGENCE,5,157.401,5.344,इन्वेंटरी। क्या इस स्टोर में आपकी चारों चीज़ें इस वक़्त मौजूद हैं?
3,LOCATION INTELLIGENCE,6,163.045,6.482,"क्षमता। इस स्टोर में इस वक़्त कितने ऑर्डर पहले से लाइन में हैं, और कितने पिकर काम पर हैं?"
3,LOCATION INTELLIGENCE,7,169.827,4.206,और अनुमानित समय — इन सबको जोड़कर निकला एक नंबर।
3,LOCATION INTELLIGENCE,8,174.633,11.52,"सबसे नज़दीकी स्टोर हमेशा नहीं जीतता। जो स्टोर भरा हुआ है, या जहाँ शैम्पू ख़त्म है, वो हार जाता है — भले ही वो आठ सौ मीटर पास हो।"
3,LOCATION INTELLIGENCE,9,186.853,7.295,कुछ मिलीसेकंड में फ़ैसला हो जाता है। और आपका ऑर्डर एक इमारत से जुड़ जाता है जिसे आपने कभी नोटिस नहीं किया होगा।
4,THE DARK STORE,1,194.948,2.128,ये इमारत कोई दुकान नहीं है।
4,THE DARK STORE,2,197.676,11.52,"बाहर से देखें तो ये एक आम कमर्शियल यूनिट है। कोई बोर्ड नहीं, कोई शोरूम नहीं, कोई ग्राहक नहीं। आधा उठा हुआ शटर, और एक दरवाज़े से बाहर गिरती ठंडी रोशनी।"
4,THE DARK STORE,3,209.596,6.482,इसे डार्क स्टोर कहते हैं। 'डार्क' इसलिए कि ये जनता के लिए बंद है। यहाँ कोई ख़रीदने नहीं आता।
4,THE DARK STORE,4,216.578,3.986,"ये दुकान नहीं, एक गोदाम है — लेकिन शहर के बीच में।"
4,THE DARK STORE,6,223.964,4.124,दीवारें हटाकर देखें तो अंदर का हिसाब साफ़ दिखता है।
4,THE DARK STORE,7,228.388,8.618,"दो से चार हज़ार वर्ग फ़ुट। ऊँची रैक्स, बहुत तंग गलियाँ। और इनमें रखी दो से छह हज़ार तरह की चीज़ें।"
4,THE DARK STORE,8,237.406,7.376,"तंग गलियाँ कमी नहीं हैं, डिज़ाइन हैं। जितनी कम दूरी पिकर को चलनी पड़े, उतने कम सेकंड लगेंगे।"
4,THE DARK STORE,9,245.282,12.415,"यहाँ कुछ भी ग्राहक को लुभाने के लिए नहीं रखा गया। कोई सजावट नहीं, कोई ऑफ़र का बोर्ड नहीं, कोई चौड़ा रास्ता नहीं। हर इंच सिर्फ़ एक काम के लिए है — सामान जल्दी निकालना।"
4,THE DARK STORE,10,258.097,7.295,"एक तरफ़ रात को आने वाला स्टॉक। दूसरी तरफ़ पैकिंग की मेज़। और बाहर, दरवाज़े पर, इंतज़ार करते राइडर।"
4,THE DARK STORE,11,265.792,7.051,"शहर के इस कोने में, ये इमारत एक छोटा-सा लॉजिस्टिक्स नोड है। और आपके ऑर्डर का अगला पड़ाव यही है।"
5,INVENTORY,1,273.643,1.605,अब सबसे नाज़ुक हिस्सा।
5,INVENTORY,2,275.948,8.916,"दस मिनट की डिलीवरी का वादा सिर्फ़ तभी पूरा हो सकता है जब सिस्टम को ठीक-ठीक पता हो कि इस स्टोर में, इस वक़्त, क्या मौजूद है।"
5,INVENTORY,3,285.264,2.093,और यही सबसे मुश्किल काम है।
5,INVENTORY,4,287.957,11.764,आपके चार आइटम इन हज़ारों में कहीं रखे हैं। दूध चिलर में। चिप्स एक ऊपरी रैक पर। शैम्पू दूसरी गली में। ड्रिंक ठंडे कैबिनेट में।
5,INVENTORY,5,300.121,8.351,"हर एक चीज़ का एक डिजिटल जुड़वाँ है — एक रिकॉर्ड, जिसमें लिखा है वो क्या है, कहाँ है, और कितनी है।"
5,INVENTORY,6,308.872,6.643,"जब पिकर दूध का एक पाउच शेल्फ़ से उठाता है, तो दो चीज़ें एक साथ होती हैं।"
5,INVENTORY,7,315.815,5.344,शेल्फ़ पर गिनती एक कम हो जाती है। और डेटाबेस में भी — चौदह से तेरह।
5,INVENTORY,8,322.059,7.945,"अगर ये दोनों गिनतियाँ अलग हो जाएँ, तो पूरा सिस्टम झूठ बोलने लगता है। ऐप किसी को वो चीज़ बेच देगा जो स्टोर में नहीं है।"
5,INVENTORY,9,330.504,6.97,"इसलिए क्विक कॉमर्स में असली लड़ाई तेज़ी की नहीं, सच्चाई की है। हर शेल्फ़ का सच, हर सेकंड।"
6,THE PICK,1,338.674,2.968,स्टोर में एक हैंडहेल्ड स्क्रीन पर ऑर्डर आता है।
6,THE PICK,2,342.042,2.398,चार आइटम। चार अलग-अलग जगहें।
6,THE PICK,3,344.94,7.883,"अगर पिकर इन्हें उसी क्रम में उठाए जिस क्रम में आपने ऐप में डाले थे, तो वो स्टोर में बेवजह घूमेगा।"
6,THE PICK,4,353.223,6.749,"तो सिस्टम ऑर्डर को फिर से क्रम में लगाता है — लिस्ट के हिसाब से नहीं, रास्ते के हिसाब से।"
6,THE PICK,5,360.372,3.261,सी-चार। डी-दो। ए-बारह। बी-सत्रह।
6,THE PICK,6,364.233,5.343,"ये वही चार चीज़ें हैं, लेकिन अब एक ऐसे रास्ते पर जो सबसे छोटा है।"
6,THE PICK,7,369.876,10.708,"ये एक पुरानी गणितीय समस्या है — कम से कम दूरी में सब जगह पहुँचना। फ़र्क़ ये है कि यहाँ इसे हर ऑर्डर पर, दिन में हज़ारों बार हल करना पड़ता है।"
6,THE PICK,8,380.984,5.994,"बचत कुछ सेकंड की होती है। लेकिन दिन के दो हज़ार ऑर्डर पर, कुछ सेकंड घंटों में बदल जाते हैं।"
6,THE PICK,9,387.478,7.376,पिकर के लिए ये एक और पर्ची है। सिस्टम के लिए ये उसका सबसे बड़ा ख़र्च — इंसानी वक़्त।
7,PACKING,1,395.754,2.418,टोकरी पैकिंग की मेज़ पर पहुँचती है।
7,PACKING,2,398.572,2.757,"यहाँ काम जोड़ना नहीं, जाँचना है।"
7,PACKING,3,401.829,10.139,"हर चीज़ का बारकोड स्कैन होता है। स्कैन का मक़सद गिनती नहीं — पुष्टि है। कि जो उठाया गया, वही है जो मँगाया गया था।"
7,PACKING,4,412.268,3.15,दूध। चिप्स। शैम्पू। ड्रिंक।
7,PACKING,5,415.718,1.178,चार में से चार।
7,PACKING,6,417.596,5.913,"बैग बंद होता है, सील लगती है, और एक लेबल छपता है जिस पर आपका ऑर्डर नंबर है।"
7,PACKING,7,423.909,6.482,स्क्रीन पर कोई जश्न नहीं होता। बस एक लाइन बदल जाती है — ऑर्डर अब 'पैक्ड' है।
7,PACKING,8,431.191,4.15,"और उसी पल, सिस्टम दूसरी तरफ़ देख रहा है। बाहर।"
8,THE DISPATCH,1,436.241,3.332,"स्टोर के बाहर, इस वक़्त, कई राइडर हैं।"
8,THE DISPATCH,2,439.973,6.263,कोई लौट रहा है। कोई इंतज़ार कर रहा है। किसी के पास पहले से एक ऑर्डर है।
8,THE DISPATCH,3,446.636,3.799,सिस्टम को एक चुनना है। और ये फ़ैसला भी दूरी से बड़ा है।
8,THE DISPATCH,4,450.835,6.157,राइडर इस वक़्त कहाँ है। स्टोर से कितनी दूर। आपके पते से कितनी दूर।
8,THE DISPATCH,5,457.292,4.612,उसके पास पहले से कितना काम है। क्या उसका रास्ता आपके रास्ते से मिलता है।
8,THE DISPATCH,6,462.204,5.689,और सड़क की हालत — क्योंकि दो किलोमीटर खाली सड़क और दो किलोमीटर जाम में फ़र्क़ है।
8,THE DISPATCH,7,468.293,9.083,"कभी-कभी सिस्टम दो ऑर्डर एक ही राइडर को देता है, अगर दोनों पते एक ही दिशा में हों। इससे लागत घटती है, और समय थोड़ा बढ़ता है।"
8,THE DISPATCH,8,477.776,6.578,"इस बार चुनाव एक राइडर पर गिरता है जो स्टोर से चार सौ मीटर दूर है, और ख़ाली है।"
8,THE DISPATCH,9,484.854,5.263,"उसके फ़ोन पर एक नोटिफ़िकेशन आता है। और उसके लिए, ये दस मिनट अब शुरू होते हैं।"
9,THE ROAD,1,490.917,3.393,बैग इंसुलेटेड बॉक्स में जाता है। और राइडर निकलता है।
9,THE ROAD,2,494.71,4.857,फ़ोन पर एक रास्ता है। लेकिन वो रास्ता पत्थर की लकीर नहीं है।
9,THE ROAD,3,499.967,7.556,"नेविगेशन सिस्टम हर कुछ सेकंड में सड़क की हालत पढ़ता रहता है — ट्रैफ़िक, सिग्नल, बंद रास्ते।"
9,THE ROAD,4,507.823,2.175,आगे एक मुख्य सड़क पर जाम है।
9,THE ROAD,5,510.498,3.393,"रास्ता बदलता है। थोड़ा लंबा, लेकिन तेज़।"
9,THE ROAD,6,514.591,9.107,यहाँ एक बात समझने लायक़ है। सिस्टम सबसे छोटा रास्ता नहीं खोजता। सबसे कम समय वाला रास्ता खोजता है। ये दोनों एक जैसे बहुत कम होते हैं।
9,THE ROAD,7,524.298,12.252,"और इस पूरे सफ़र में राइडर सिर्फ़ एक गाड़ी नहीं है। वो सिस्टम का वो हिस्सा है जो असल में शहर से टकराता है — गड्ढे, बारिश, सिग्नल, और लिफ़्ट जो काम नहीं कर रही।"
10,THE CLOCK,1,537.35,2.499,अब एक क़दम पीछे हटकर घड़ी देखिए।
10,THE CLOCK,2,540.449,2.754,ऑर्डर स्टोर तक पहुँचा — आठ सेकंड।
10,THE CLOCK,3,543.453,2.294,पिकिंग पूरी — एक मिनट चालीस।
10,THE CLOCK,4,545.997,2.256,पैक्ड और सील — दो मिनट दस।
10,THE CLOCK,5,548.503,2.766,राइडर रवाना — दो मिनट पचास।
10,THE CLOCK,6,551.669,3.068,और बाक़ी सात मिनट? वो सड़क के हैं।
10,THE CLOCK,7,555.737,5.934,दस मिनट का सबसे बड़ा हिस्सा टेक्नोलॉजी नहीं है। ट्रैफ़िक है।
11,THE CITY AS A MACHINE,1,562.971,4.92,"अब तक हमने एक ऑर्डर देखा। एक ग्राहक, एक स्टोर, एक पिकर, एक राइडर।"
11,THE CITY AS A MACHINE,2,568.391,3.799,"लेकिन इसी पल, इसी शहर में, ये अकेला ऑर्डर नहीं है।"
11,THE CITY AS A MACHINE,4,578.49,6.482,एक बड़े शहर में सैकड़ों डार्क स्टोर हैं। हर स्टोर में दर्जनों लोग। सड़कों पर हज़ारों राइडर।
11,THE CITY AS A MACHINE,5,585.372,2.58,"और हर सेकंड, नए ऑर्डर गिर रहे हैं।"
11,THE CITY AS A MACHINE,6,588.452,5.506,ऊपर से देखें तो ये अब डिलीवरी नहीं दिखती। ये एक बहती हुई व्यवस्था दिखती है।
11,THE CITY AS A MACHINE,7,594.658,7.863,स्टॉक रात में बड़े गोदामों से स्टोर्स तक पहुँचता है। ऑर्डर दिन भर स्टोर्स से घरों तक। और डेटा लगातार दोनों दिशाओं में।
11,THE CITY AS A MACHINE,8,602.921,9.002,"शाम सात से दस बजे के बीच ये मशीन अपनी सबसे तेज़ रफ़्तार पर होती है। और बारिश के एक दिन में, इसका सारा गणित बदल जाता है।"
11,THE CITY AS A MACHINE,9,612.423,8.595,"दस मिनट की डिलीवरी एक काम नहीं है। ये एक लगातार चलती मशीन है, जिसमें आपका ऑर्डर कुछ सेकंड के लिए एक चिंगारी बनकर गुज़रा।"
12,THE ECONOMICS,1,626.218,4.531,अब वो सवाल जो सबसे कम पूछा जाता है। ये सब पैसे में कैसे बैठता है?
12,THE ECONOMICS,2,631.349,8.432,अपने तीन सौ पचास रुपये के ऑर्डर पर वापस चलिए। ये आँकड़े किसी एक कंपनी के नहीं — ये इस कारोबार की एक आम तस्वीर हैं।
12,THE ECONOMICS,3,640.181,8.757,"इसमें से एक बड़ा हिस्सा — क़रीब तीन सौ रुपये — सामान की अपनी लागत है। ये पैसा कंपनी का नहीं, सप्लायर का है।"
12,THE ECONOMICS,4,649.338,7.782,तो कंपनी के पास बचा — पचास रुपये के आसपास। यही वो रक़म है जिससे पूरी मशीन चलनी है।
12,THE ECONOMICS,5,657.82,2.012,अब इसमें से घटाना शुरू करें।
12,THE ECONOMICS,6,660.232,4.065,राइडर की डिलीवरी फ़ीस। एक ऑर्डर पर पच्चीस से चालीस रुपये।
12,THE ECONOMICS,7,664.597,3.216,"पैकेजिंग — बैग, टेप, लेबल। पाँच से दस।"
12,THE ECONOMICS,8,668.113,4.387,"स्टोर में काम करने वालों की तनख़्वाह, उस दिन के ऑर्डर पर बाँटी हुई।"
12,THE ECONOMICS,9,672.8,6.481,"स्टोर का किराया और बिजली। और टेक्नोलॉजी — सर्वर, नक्शे, इंजीनियर।"
12,THE ECONOMICS,10,679.681,5.439,"जोड़िए, और एक अकेले ऑर्डर पर आप अक्सर शून्य से नीचे पहुँच जाते हैं।"
12,THE ECONOMICS,11,686.12,5.669,यही क्विक कॉमर्स का असली तनाव है। हर ऑर्डर अपने आप में फ़ायदे का सौदा नहीं होता।
12,THE ECONOMICS,12,692.389,3.556,तो ये चलता कैसे है? तीन तरीक़ों से।
12,THE ECONOMICS,13,696.445,9.344,"पहला — ऑर्डर का आकार। तीन सौ पचास की जगह छह सौ का ऑर्डर आए, तो डिलीवरी की लागत लगभग वही रहती है, लेकिन कमाई बढ़ जाती है।"
12,THE ECONOMICS,14,706.189,12.517,"दूसरा — घनत्व। एक इलाक़े में जितने ज़्यादा ऑर्डर, उतना कम औसत ख़र्च। एक राइडर एक घंटे में तीन डिलीवरी करे या पाँच — ये फ़र्क़ सीधे मुनाफ़े में दिखता है।"
12,THE ECONOMICS,15,719.106,9.895,"तीसरा — विज्ञापन। ऐप में जो ब्रांड सबसे ऊपर दिखना चाहते हैं, वो उसके पैसे देते हैं। और ये कमाई लगभग पूरी की पूरी मुनाफ़ा होती है।"
12,THE ECONOMICS,16,729.501,7.619,इसलिए इस कारोबार को समझने का सबसे सही तरीक़ा यही है: ये डिलीवरी का धंधा नहीं है। ये घनत्व का धंधा है।
13,WHY DARK STORES EXIST,1,738.42,2.906,अब एक आख़िरी सवाल। ये सब ज़रूरी क्यों था?
13,WHY DARK STORES EXIST,2,741.926,9.819,"पुराना रास्ता ऐसा था। ग्राहक घर से निकलता, दुकान तक जाता, सामान ढूँढता, लाइन में लगता, और वापस आता।"
13,WHY DARK STORES EXIST,3,752.145,8.708,"इस पूरे रास्ते में सामान एक ही जगह रखा रहता — एक बड़े स्टोर में, शहर से थोड़ा बाहर, जहाँ जगह सस्ती है।"
13,WHY DARK STORES EXIST,4,761.253,3.231,"यानी सामान स्थिर था, और ग्राहक चलता था।"
13,WHY DARK STORES EXIST,5,765.184,2.499,क्विक कॉमर्स ने इस समीकरण को पलट दिया।
13,WHY DARK STORES EXIST,6,768.283,4.693,अब ग्राहक नहीं चलता। सामान पहले से चलकर उसके पास आ चुका होता है।
13,WHY DARK STORES EXIST,7,773.376,9.569,"दस मिनट की डिलीवरी का राज़ रफ़्तार नहीं, नज़दीकी है। सामान पहले से ही आपके दो किलोमीटर के अंदर रखा हुआ है।"
13,WHY DARK STORES EXIST,8,783.745,2.115,लेकिन इसकी एक क़ीमत है।
13,WHY DARK STORES EXIST,9,786.56,6.238,"एक बड़े स्टोर की जगह अब सैकड़ों छोटे स्टोर चाहिए। शहर के अंदर, जहाँ किराया सबसे महँगा है।"
13,WHY DARK STORES EXIST,10,793.098,9.57,"एक जगह रखे स्टॉक की जगह, वही स्टॉक सैकड़ों जगह रखना पड़ता है। इसका मतलब ज़्यादा इन्वेंटरी, और ज़्यादा जोख़िम कि कुछ बिना बिका रह जाए।"
13,WHY DARK STORES EXIST,11,802.968,6.644,"और एक चेकआउट काउंटर की जगह, अब हर ऑर्डर पर एक पिकर और एक राइडर चाहिए।"
13,WHY DARK STORES EXIST,12,810.112,6.319,ग्राहक का सफ़र घटकर शून्य हो गया। लेकिन वो सफ़र ग़ायब नहीं हुआ। वो सिस्टम के अंदर चला गया।
14,TEN MINUTES,1,817.831,1.699,वापस उसी फ़्लैट में।
14,TEN MINUTES,3,823.53,4.612,दरवाज़ा खुलता है। एक सीलबंद बैग हाथ बदलता है। कुल दस मिनट।
14,TEN MINUTES,4,828.642,3.394,कोई कुछ नहीं कहता। कहने जैसा कुछ हुआ भी नहीं।
14,TEN MINUTES,5,832.936,5.425,ये लेन-देन इतना मामूली लगता है कि इसे याद रखने की कोई वजह ही नहीं बनती।
14,TEN MINUTES,6,839.061,15.828,लेकिन इन दस मिनटों में एक डिजिटल फ़ैसला हुआ। एक स्टोर चुना गया। एक इन्वेंटरी रिकॉर्ड बदला। एक रास्ता गिना गया। एक इंसान स्टोर में चला। एक इंसान सड़क पर निकला। और एक पूरा शहर-स्तर का नेटवर्क कुछ सेकंड के लिए आपके पते पर आकर टिक गया।
14,TEN MINUTES,7,855.489,2.825,और ये सब एक बटन के पीछे छिपा था।
14,TEN MINUTES,9,864.314,5.1,अगली बार जब आप वो बटन दबाएँ — ये मशीन अब आपके लिए अदृश्य नहीं रहेगी।
