scene,beat,start,end,kind,anim,ken_burns,transition,grade,card,narration,prompt
—,—,0.0,3.5,INTRO CARD,intro_card,,fade,,,,विदेश में शिक्षा / भाग तीन
1,1/3,3.5,5.7,INFO CARD,info_card,,fadeblack,cold,London School of Economics [1916–1923],अमेरिका में शिक्षा पूरी करने के बाद भीमराव आंबेडकर की बौद्धिक यात्रा आगे बढ़ती रही। वे भारत लौटे। फिर लंदन गए।,"The Thames embankment on a wet overcast morning in the early 1920s, wet stone and bare trees, figures with umbrellas at distance"
1,2/3,5.7,8.0,image beat,ken-burns,pan_left,dissolve,cold,,,"A ship's deck in grey Atlantic light, a coat collar turned up, seen from behind, wide shot"
1,3/3,8.0,10.2,image beat,ken-burns,pan_right,dissolve,cold,,,"A London street of the early 1920s under drizzle, gas lamps and wet stone, figures with umbrellas, wide shot"
2,1/2,10.2,12.7,image beat,ken-burns,pan_left,dissolve,cold,,वहां उन्होंने कानून और अर्थशास्त्र का अध्ययन किया। उनकी पढ़ाई का दायरा लगातार बढ़ रहा था।,"A worn stone staircase in a London inn of court, a figure in a dark overcoat climbing it seen from behind, cold light from a high window"
2,2/2,12.7,15.3,image beat,ken-burns,pan_right,dissolve,cold,,,"A row of brass nameplates beside a chambers doorway, wet stone, cold light, close shot"
3,1/2,15.3,17.8,image beat,ken-burns,pan_right,dissolve,cold,,लेकिन एक सवाल लगातार उनके साथ था— भारत में सामाजिक असमानता इतनी गहरी क्यों है?,"Rain running down a tall sash window at night, a desk lamp reflected in the glass, a shoulder in silhouette at the edge of frame"
3,2/2,17.8,20.3,image beat,ken-burns,zoom_in:1.18,dissolve,cold,,,"A single desk lamp burning by a rain-streaked window at night, a shoulder in silhouette, medium shot"
4,1/3,20.3,23.1,image beat,ken-burns,zoom_in:1.18,dissolve,cold,,और इससे भी बड़ा सवाल— क्या सिर्फ राजनीतिक स्वतंत्रता से यह असमानता खत्म हो जाएगी? यह प्रश्न आगे चलकर उनके पूरे राजनीतिक दर्शन का केंद्र बनने वाला था।,"The reading room of a great London library, concentric desks beneath a domed roof, scattered readers, cold silver light from above"
4,2/3,23.1,26.0,image beat,ken-burns,pan_up,dissolve,cold,,,"A domed library ceiling seen from below, cold silver light falling, wide shot"
4,3/3,26.0,28.9,image beat,ken-burns,zoom_in:1.12,dissolve,cold,,,"A reader alone at a vast concentric desk, tiny under the dome, wide shot"
5,1/3,28.9,31.3,INFO CARD,info_card,,dissolve,cold,London School of Economics [1916–1923],लंदन में उन्होंने कानून का अध्ययन किया और अर्थशास्त्र पर भी गंभीर शोध किया। उनका काम 'The Problem of the Rupee' जैसे विषयों तक पहुंचा।,"Looking straight down at a desk of financial papers, currency tables and a row of Indian silver rupees arranged in a line beside a brass lamp"
5,2/3,31.3,33.7,image beat,ken-burns,zoom_in:1.12,dissolve,cold,,,"A row of silver rupees standing on edge under a lamp, cold light, close shot"
5,3/3,33.7,36.2,image beat,ken-burns,zoom_out:1.14,dissolve,cold,,,"A currency table page dense with columns, a pen resting on it, close shot"
6,1/2,36.2,38.9,image beat,ken-burns,zoom_in:1.12,dissolve,cold,,"भारत की मुद्रा व्यवस्था, औपनिवेशिक वित्त और आर्थिक संरचना पर उन्होंने गंभीर अध्ययन किया।","A column of handwritten figures in a leather ledger under a desk lamp, ink, blotting paper, the numbers soft and unreadable"
6,2/2,38.9,41.6,image beat,ken-burns,zoom_out:1.14,dissolve,cold,,,"A stamped colonial treasury document under a lamp, cold light, close shot"
7,1/3,41.6,44.5,image beat,ken-burns,zoom_out:1.14,dissolve,cold,,यहां एक महत्वपूर्ण बात समझनी चाहिए। आंबेडकर की राजनीति केवल भावनाओं पर आधारित नहीं थी। वे आंकड़ों को देखते थे। संस्थाओं को देखते थे।,"A wall of wooden filing drawers in a colonial finance office, one drawer pulled open, a hand lifting out a folder"
7,2/3,44.5,47.4,image beat,ken-burns,pan_left,dissolve,cold,,,"One filing drawer pulled open showing tight rows of folders, a hand lifting one, medium shot"
7,3/3,47.4,50.3,image beat,ken-burns,pan_right,dissolve,cold,,,"A statistical chart pinned to an office wall, a hand tracing a line across it, cold light, close shot"
8,1/3,50.3,52.8,image beat,ken-burns,pan_left,dissolve,cold,,कानून पढ़ते थे। अर्थव्यवस्था को समझते थे। और फिर सामाजिक समस्याओं को उनके पीछे मौजूद संरचनाओं से जोड़कर देखते थे।,"Over the shoulder of someone reading a heavy statute book at a library carrel, a finger holding the place, text not legible"
8,2/3,52.8,55.2,image beat,ken-burns,pan_right,dissolve,cold,,,"A finger holding a place in a heavy statute, dense text, cold light, close shot"
8,3/3,55.2,57.6,image beat,ken-burns,zoom_in:1.18,dissolve,cold,,,"Two open books side by side — law and economics — on a carrel desk, cold light, overhead shot"
9,1/2,57.6,60.6,image beat,ken-burns,pan_right,dissolve,cold,,यही वजह है कि उनकी बाद की राजनीति में सिर्फ विरोध नहीं था। उसमें संस्थागत समाधान की मांग भी थी।,"A committee room with a horseshoe table and empty chairs, a single stack of papers set at one place, cold window light"
9,2/2,60.6,63.5,image beat,ken-burns,zoom_in:1.18,dissolve,cold,,,"A single stack of papers set at one place of an empty horseshoe table, cold light, medium shot"
10,1/3,63.5,66.3,image beat,ken-burns,zoom_in:1.18,dissolve,cold,,शिक्षा चाहिए। राजनीतिक प्रतिनिधित्व चाहिए। कानूनी सुरक्षा चाहिए। आर्थिक अवसर चाहिए। और सबसे महत्वपूर्ण... सामाजिक सम्मान चाहिए।,"Five objects laid in a row on dark cloth under even museum light — a book, a wooden ballot box, a gavel, a coin and a clay lamp"
10,2/3,66.3,69.2,image beat,ken-burns,pan_up,dissolve,cold,,,"A hand moving along five objects on dark cloth, pausing at each, even light, close shot"
10,3/3,69.2,72.1,image beat,ken-burns,zoom_in:1.12,dissolve,cold,,,"Five objects casting five even shadows on museum cloth, overhead shot"
11,1/3,72.1,74.6,image beat,ken-burns,pan_up,dissolve,cold,,लेकिन 1923 के आसपास जब वे भारत वापस लौटे... तो उन्हें एक ऐसी परीक्षा का सामना करना पड़ा जिसे कोई डिग्री हल नहीं कर सकती थी।,"A steam train arriving at an Indian station platform in 1923 seen from the far end, steam filling the canopy, a crowd waiting"
11,2/3,74.6,77.2,image beat,ken-burns,zoom_in:1.12,dissolve,cold,,,"Steam filling a station canopy as a train halts, a crowd waiting, wide shot"
11,3/3,77.2,79.8,image beat,ken-burns,zoom_out:1.14,dissolve,cold,,,"A trunk of books set down on a hot Indian platform, seen from above, close shot"
12,1/3,79.8,82.1,image beat,ken-burns,zoom_in:1.12,dissolve,cold,,उन्हें बड़ौदा राज्य में सेवा करनी थी। उनके पास विदेश की उच्च शिक्षा थी। लेकिन समाज की नजर में उनकी जाति अभी भी वही थी।,"A grand Baroda state administrative office of the 1920s, high desks and stacked ledgers, clerks at work seen from behind"
12,2/3,82.1,84.4,image beat,ken-burns,zoom_out:1.14,dissolve,cold,,,"Stacked ledgers on a high clerk's desk, hands at work seen from behind, cold light, medium shot"
12,3/3,84.4,86.7,image beat,ken-burns,pan_left,dissolve,cold,,,"A newcomer's desk set slightly apart in a busy office, cold light, wide shot"
13,1/1,86.7,88.9,image beat,ken-burns,zoom_out:1.14,dissolve,cold,,उनके साथ सामाजिक दूरी का व्यवहार हुआ।,"An office where every desk is occupied but one, which stands isolated in a corner with its chair pushed back, flat daylight"
14,1/4,88.9,91.4,image beat,ken-burns,pan_left,dissolve,cold,,"इस अनुभव ने उन्हें एक बेहद महत्वपूर्ण निष्कर्ष की ओर धकेला— व्यक्ति को ऊपर उठाने के लिए सिर्फ शिक्षा पर्याप्त नहीं है, अगर समाज की संरचना उसे बराबरी देने के लिए तैयार ही न हो।","A hotel register and a room key being pushed back across a counter, two pairs of hands, one withdrawing"
14,2/4,91.4,93.9,image beat,ken-burns,pan_right,dissolve,cold,,,"A room key withdrawn across a counter, two pairs of hands, cold light, close shot"
14,3/4,93.9,96.4,image beat,ken-burns,zoom_in:1.18,dissolve,cold,,,"A closed hotel door with a coat and case set down before it in the corridor, cold light, medium shot"
14,4/4,96.4,98.8,image beat,ken-burns,pan_up,dissolve,cold,,,"A man seen from behind standing with luggage in an empty lobby, cold light, wide shot"
15,1/2,98.8,101.2,image beat,ken-burns,pan_right,dissolve,cold,,और यहीं से... भीमराव आंबेडकर का विद्यार्थी जीवन एक सामाजिक आंदोलन में बदलने लगा।,"A man in a dark coat seen from behind sitting alone on a park bench at dusk with a suitcase beside him, city lamps coming on behind"
15,2/2,101.2,103.6,image beat,ken-burns,zoom_in:1.18,dissolve,cold,,,"City lamps coming on behind a lone figure with a case on a bench at dusk, seen from behind, wide shot"
16,1/3,103.6,106.3,INFO CARD,info_card,,dissolve,cold,बहिष्कृत हितकारिणी सभा [1924],1923 में उन्होंने बहिष्कृत हितकारिणी सभा की स्थापना की। उद्देश्य था— शिक्षा का प्रसार। सामाजिक सुधार। आर्थिक स्थिति में सुधार।,"A modest hall in 1923 Bombay with rows of chairs being set out, a table and water jug at the front, volunteers working with faces turned away"
16,2/3,106.3,109.1,image beat,ken-burns,pan_up,dissolve,cold,,,"A table with a water jug and a stack of pamphlets at the front of a meeting hall, volunteers behind, medium shot"
16,3/3,109.1,111.8,image beat,ken-burns,zoom_in:1.12,dissolve,cold,,,"Rows of chairs being set out in an empty hall, cold morning light, wide shot"
17,1/2,111.8,113.8,image beat,ken-burns,pan_up,dissolve,cold,,और वंचित लोगों की समस्याओं को सार्वजनिक और राजनीतिक मंचों तक पहुंचाना।,"A small hand printing press at work, a compositor's hands setting metal type, ink and damp paper, warm lamplight against cold daylight"
17,2/2,113.8,115.8,image beat,ken-burns,zoom_in:1.12,dissolve,cold,,,"Freshly inked pamphlets lifted from a small press, warm lamp against cold light, close shot"
18,1/3,115.8,118.3,image beat,ken-burns,zoom_in:1.12,dissolve,cold,,"अब आंबेडकर केवल अपने लिए नहीं पढ़ रहे थे। वह उस समाज के लिए लड़ने लगे थे जिसे सदियों से शिक्षा, संसाधनों और सम्मान से दूर रखा गया था।","A crowded public meeting at night lit by hissing pressure lamps, the audience seen from behind the speaker's platform, hundreds of heads"
18,2/3,118.3,120.8,image beat,ken-burns,zoom_out:1.14,dissolve,cold,,,"Hissing pressure lamps lighting hundreds of heads at a night meeting, seen from the platform, wide shot"
18,3/3,120.8,123.3,image beat,ken-burns,pan_left,dissolve,cold,,,"A speaker's shadow thrown large on a cloth backdrop at a lamplit meeting, medium shot"
19,1/2,123.3,124.9,image beat,ken-burns,zoom_out:1.14,dissolve,cold,,लेकिन अगला संघर्ष... और भी बुनियादी था। पानी।,"A cupped pair of hands holding water, the surface trembling, hard sunlight against a dark background"
19,2/2,124.9,126.4,image beat,ken-burns,pan_left,dissolve,cold,,,"A cupped pair of hands holding water, the surface trembling, hard sunlight against a dark background"
—,—,126.4,130.4,END CARD,end_card,,dissolve,,,,SUBSCRIBE / next chapter
