start,end,prompt
0,7.5,"Close overhead shot of clear water held in a pair of cupped hands, bright daylight, water catching the light, no face in frame, cinematic documentary photography, historical India, muted desaturated warm palette, soft natural light, 35mm film grain, restrained minimal composition, shallow depth of field, no text, no lettering, no signage, 16:9"
7.5,11.5,"A dry cracked earth foreground leading to a distant body of water under a hazy sky, wide empty landscape, nobody present, cinematic documentary photography, historical India, muted desaturated warm palette, soft natural light, 35mm film grain, restrained minimal composition, shallow depth of field, no text, no lettering, no signage, 16:9"
11.5,13.5,"A small Maharashtra town in the 1920s, tiled roofs and low stone buildings among trees, distant hills, soft morning haze, wide establishing view, cinematic documentary photography, historical India, muted desaturated warm palette, soft natural light, 35mm film grain, restrained minimal composition, shallow depth of field, no text, no lettering, no signage, 16:9"
13.5,16,"A large open water tank with wide stone steps descending on all sides, still reflective surface, warm daylight, nobody on the steps, cinematic documentary photography, historical India, muted desaturated warm palette, soft natural light, 35mm film grain, restrained minimal composition, shallow depth of field, no text, no lettering, no signage, 16:9"
16,21,"An empty clay pot set on dry ground at a distance from the edge of a water tank, wide gap between pot and water, harsh midday light, nobody present, cinematic documentary photography, historical India, muted desaturated warm palette, soft natural light, 35mm film grain, restrained minimal composition, shallow depth of field, no text, no lettering, no signage, 16:9"
21,25,"A very large crowd filling an open ground beside a water tank, seen from high above and behind, dust haze, no banners, no stage, individual faces not discernible, cinematic documentary photography, historical India, muted desaturated warm palette, soft natural light, 35mm film grain, restrained minimal composition, shallow depth of field, no text, no lettering, no signage, 16:9"
25,29.5,"Close shot of hands reaching down toward still water at the edge of a stone tank, ripples spreading outward, bright daylight, no faces in frame, cinematic documentary photography, historical India, muted desaturated warm palette, soft natural light, 35mm film grain, restrained minimal composition, shallow depth of field, no text, no lettering, no signage, 16:9"
29.5,38.5,"Wide ripples spreading across the entire surface of a still water tank, low sun reflecting, stone edges visible, nobody in frame, symbolic, cinematic documentary photography, historical India, muted desaturated warm palette, soft natural light, 35mm film grain, restrained minimal composition, shallow depth of field, no text, no lettering, no signage, 16:9"
38.5,43,"A small fire burning low on open ground at dusk, glowing embers and rising smoke, dark surroundings, nobody visible, solemn and symbolic, cinematic documentary photography, historical India, muted desaturated warm palette, soft natural light, 35mm film grain, restrained minimal composition, shallow depth of field, no text, no lettering, no signage, 16:9"
43,45,"Close shot of glowing embers and drifting ash rising into dark night air, sparks against blackness, abstract and quiet, cinematic documentary photography, historical India, muted desaturated warm palette, soft natural light, 35mm film grain, restrained minimal composition, shallow depth of field, no text, no lettering, no signage, 16:9"
45,53,"Ancient carved stone relief on a temple wall showing layered tiers of figures, weathered surface, raking light, architectural detail only, cinematic documentary photography, historical India, muted desaturated warm palette, soft natural light, 35mm film grain, restrained minimal composition, shallow depth of field, no text, no lettering, no signage, 16:9"
53,58,"The tall carved stone gateway of an old Maharashtra temple seen from outside, heavy closed wooden doors, morning light on the facade, nobody present, cinematic documentary photography, historical India, muted desaturated warm palette, soft natural light, 35mm film grain, restrained minimal composition, shallow depth of field, no text, no lettering, no signage, 16:9"
58,64.5,"Close view of a heavy closed temple door with iron studs and a large lock, worn wood grain, hard side light, nobody present, cinematic documentary photography, historical India, muted desaturated warm palette, soft natural light, 35mm film grain, restrained minimal composition, shallow depth of field, no text, no lettering, no signage, 16:9"
64.5,71,"A simple balance scale with two empty pans resting level, plain background, hard directional light, minimal still life, cinematic documentary photography, historical India, muted desaturated warm palette, soft natural light, 35mm film grain, restrained minimal composition, shallow depth of field, no text, no lettering, no signage, 16:9"
71,82,"Two identical empty chairs placed side by side at exactly the same height on a plain floor, even light, symmetrical composition, nobody present, cinematic documentary photography, historical India, muted desaturated warm palette, soft natural light, 35mm film grain, restrained minimal composition, shallow depth of field, no text, no lettering, no signage, 16:9"
82,88.5,"A very large crowd marching along a wide Indian road in the 1930s, seen from high above and far behind, dust haze, no banners, faces not discernible, cinematic documentary photography, historical India, muted desaturated warm palette, soft natural light, 35mm film grain, restrained minimal composition, shallow depth of field, no text, no lettering, no signage, 16:9"
88.5,94,"A simple wooden charkha spinning wheel standing alone on a bare floor in soft daylight, plain whitewashed wall behind, nobody present, cinematic documentary photography, historical India, muted desaturated warm palette, soft natural light, 35mm film grain, restrained minimal composition, shallow depth of field, no text, no lettering, no signage, 16:9"
94,100.5,"An old colonial flagpole standing empty against a pale sky, bare rope, no flag, wide open composition, nobody present, cinematic documentary photography, historical India, muted desaturated warm palette, soft natural light, 35mm film grain, restrained minimal composition, shallow depth of field, no text, no lettering, no signage, 16:9"
100.5,110.5,"Two long parallel shadows falling across a bare stone floor from opposite directions, meeting nowhere, hard light, minimal and symbolic, cinematic documentary photography, historical India, muted desaturated warm palette, soft natural light, 35mm film grain, restrained minimal composition, shallow depth of field, no text, no lettering, no signage, 16:9"
