start,end,prompt,transition,ken_burns,grade,grain,music,text_type,text_value,narration,voice,animation
0,3,"Sweeping establishing shot of an old Indian city at dawn, early 1900s stone architecture, narrow streets, low mist, warm first light, no people in the foreground",fadeblack,zoom_in,warm,light,somber.mp3,,,भारत के इतिहास में कुछ नाम ऐसे हैं,,
3,6,"An empty formal wooden chair behind a large official desk in a colonial-era Indian government room, shafts of window light, dust in the air, nobody present",dissolve,pan_right,warm,light,,,,जिन्हें सिर्फ उनके पद से नहीं समझा जा सकता,,
6,8,"Long empty corridor of a 1950s Indian government building, polished stone floor, tall columns, doorways receding into the distance, no people",dissolve:0.4,zoom_out,cold,light,,,,कुछ लोग मंत्री बने। कुछ नेता बने। कुछ विद्वान बने।,,
8,13,"A lone silhouetted figure standing apart, facing away from a distant seated gathering in a 1890s Indian village courtyard, strong backlight, face not visible",dissolve,zoom_in:1.12,bleach,medium,,,,"और कुछ ऐसे लोग हुए जिन्होंने उस समाज से ही सवाल पूछ दिया, जिसमें वे पैदा हुए थे",,
13,15,"Empty pale dawn sky over a flat central Indian plain, thin clouds catching first warm light, faint horizon line, quiet and expectant",fade,,warm,medium,,,1891,,,vox_stat
15,17,"A British Indian Army cantonment in central India in the 1890s, long whitewashed barracks in rows, dusty parade ground, tall shade trees, empty and still",cut,,sepia,medium,,,"महू छावनी, मध्य भारत",मध्य भारत की महू छावनी,,map_pin
17,21,"Interior of simple Indian family quarters in the 1890s, bare walls, a low wooden cot with folded cloth, a small oil lamp burning, soft window light, nobody in the room",dissolve:0.8,zoom_in:1.1,warm,light,,,,"यहीं एक बच्चे का जन्म हुआ। नाम था, भीमराव।",,
21,27,"Small child as a distant silhouette standing in a bright open doorway of a dim Indian dwelling, tiny figure against a large rectangle of light, face not visible",dissolve,zoom_out,warm,light,,center_title,भीमराव रामजी आंबेडकर,"आगे चलकर यही बच्चा, भारत के सबसे प्रभावशाली विचारकों में से एक बनने वाला था",,
27,31,"A long hard shadow of a wall falling across a sunlit stone threshold, sharp dividing line between light and shade, nobody present",fadeblack,pan_up,noir,heavy,tension.mp3,,,"लेकिन उस समय, वह सिर्फ एक बच्चा था",,
31,36,"A small cluster of modest mud and thatch dwellings set apart at the far edge of an Indian village, open ground separating them from the settlement beyond, late light",dissolve,zoom_in,bleach,medium,,,,और उसके जन्म के साथ ही उसकी जिंदगी पर एक सामाजिक पहचान लिख दी गई थी,,
