start,end,prompt,transition,ken_burns,grade,grain,music,text_type,text_value,narration,voice,animation,animation_params
0.000,2.944,"A vast dry central-Indian plain at first light, a single cart track to the horizon, one distant walking figure, dust in low sun, extreme wide shot, photorealistic, authentic late-1800s to early-1900s central India, period-accurate clothing and setting, natural skin texture, volumetric warm dawn light, shot on 35mm, shallow depth of field, fine film grain, muted ochre and earth tones, cinematic documentary still, no on-image text, no captions, no watermark, 16:9",fadeblack,,warm,light,,,भीमराव रामजी आंबेडकर,,,title_reveal,size=0.075
2.944,5.888,"A wall of old sepia-toned framed portraits of distinguished 1900s Indian men in a dim archive, warm museum light, close shot, photorealistic, authentic late-1800s to early-1900s central India, period-accurate clothing and setting, natural skin texture, volumetric warm dawn light, shot on 35mm, shallow depth of field, fine film grain, muted ochre and earth tones, cinematic documentary still, no on-image text, no captions, no watermark, 16:9",dissolve,,warm,light,,,,,,cine_dolly,
5.888,7.808,"An ornate empty ministerial chair behind a large desk in a colonial council chamber, shafts of window light, medium shot, photorealistic, authentic late-1800s to early-1900s central India, period-accurate clothing and setting, natural skin texture, volumetric warm dawn light, shot on 35mm, shallow depth of field, fine film grain, muted ochre and earth tones, cinematic documentary still, no on-image text, no captions, no watermark, 16:9",cut,zoom_in:1.18,warm,light,,,,,,,
7.808,9.728,"A scholar's desk piled with law books, brass spectacles and an oil lamp at night, close shot, photorealistic, authentic late-1800s to early-1900s central India, period-accurate clothing and setting, natural skin texture, volumetric warm dawn light, shot on 35mm, shallow depth of field, fine film grain, muted ochre and earth tones, cinematic documentary still, no on-image text, no captions, no watermark, 16:9",dissolve,zoom_out:1.16,warm,light,,,,,,,
9.728,12.502,"A lone young Indian man in simple 1900s dress standing and facing a large seated village assembly, strong backlight, wide shot, photorealistic, authentic late-1800s to early-1900s central India, period-accurate clothing and setting, natural skin texture, volumetric warm dawn light, shot on 35mm, shallow depth of field, fine film grain, muted ochre and earth tones, cinematic documentary still, no on-image text, no captions, no watermark, 16:9",cut,,warm,light,,,,,,cine_handheld,
12.502,15.275,"Close portrait of a resolute young Indian man's face, early 1900s, direct gaze, warm rim light, photorealistic, photorealistic, authentic late-1800s to early-1900s central India, period-accurate clothing and setting, natural skin texture, volumetric warm dawn light, shot on 35mm, shallow depth of field, fine film grain, muted ochre and earth tones, cinematic documentary still, no on-image text, no captions, no watermark, 16:9",dissolve,zoom_in:1.14,warm,light,,,,,,,
15.275,17.920,"A weathered barracks door with iron studs, raking dawn light on the wood grain, extreme close-up, photorealistic, authentic late-1800s to early-1900s central India, period-accurate clothing and setting, natural skin texture, volumetric warm dawn light, shot on 35mm, shallow depth of field, fine film grain, muted ochre and earth tones, cinematic documentary still, no on-image text, no captions, no watermark, 16:9",cut,,warm,light,,,14 अप्रैल 1891,,,lower_third,"sub=महू छावनी, मध्य भारत"
17.920,19.712,"A British-Indian army cantonment at dawn, rows of whitewashed barracks around a bare parade ground, distant hills, extreme wide shot, photorealistic, authentic late-1800s to early-1900s central India, period-accurate clothing and setting, natural skin texture, volumetric warm dawn light, shot on 35mm, shallow depth of field, fine film grain, muted ochre and earth tones, cinematic documentary still, no on-image text, no captions, no watermark, 16:9",cut,,warm,light,,,महू छावनी,,,lower_third,sub=ब्रिटिश भारतीय छावनी
19.712,21.760,"A spare barracks room interior, a cloth-lined wooden cradle, a mother's hands adjusting the blanket, soft dawn light, close shot, photorealistic, authentic late-1800s to early-1900s central India, period-accurate clothing and setting, natural skin texture, volumetric warm dawn light, shot on 35mm, shallow depth of field, fine film grain, muted ochre and earth tones, cinematic documentary still, no on-image text, no captions, no watermark, 16:9",cut,zoom_in:1.16,warm,light,,,,,,,
21.760,23.808,"Extreme close-up of a newborn baby's hand curled around an adult finger, warm light, photorealistic, photorealistic, authentic late-1800s to early-1900s central India, period-accurate clothing and setting, natural skin texture, volumetric warm dawn light, shot on 35mm, shallow depth of field, fine film grain, muted ochre and earth tones, cinematic documentary still, no on-image text, no captions, no watermark, 16:9",dissolve,zoom_in:1.22,warm,light,,,,,,,
23.808,25.856,"The quiet barracks room with the cradle, dust turning in a shaft of light, medium shot, photorealistic, authentic late-1800s to early-1900s central India, period-accurate clothing and setting, natural skin texture, volumetric warm dawn light, shot on 35mm, shallow depth of field, fine film grain, muted ochre and earth tones, cinematic documentary still, no on-image text, no captions, no watermark, 16:9",dissolve,,warm,light,,,भीमराव रामजी आंबेडकर,,,lower_third,sub=जन्म
25.856,28.558,"Small bare footprints crossing the dust of an empty barracks parade ground at dawn, long soft shadows, a doorway beyond, no people in frame, wide shot, photorealistic, authentic late-1800s to early-1900s central India, period-accurate clothing and setting, natural skin texture, volumetric warm dawn light, shot on 35mm, shallow depth of field, fine film grain, muted ochre and earth tones, cinematic documentary still, no on-image text, no captions, no watermark, 16:9",cut,zoom_in:1.15,warm,light,,,,,,,
28.558,31.261,"Low angle silhouette of a small child from behind looking up at a vast pale dawn sky, face not visible, photorealistic, authentic late-1800s to early-1900s central India, period-accurate clothing and setting, natural skin texture, volumetric warm dawn light, shot on 35mm, shallow depth of field, fine film grain, muted ochre and earth tones, cinematic documentary still, no on-image text, no captions, no watermark, 16:9",dissolve,,warm,light,,,,,,cine_punch,
31.261,33.963,"The boy's small bare feet crossing a wide empty parade ground, long shadow, wide shot, photorealistic, authentic late-1800s to early-1900s central India, period-accurate clothing and setting, natural skin texture, volumetric warm dawn light, shot on 35mm, shallow depth of field, fine film grain, muted ochre and earth tones, cinematic documentary still, no on-image text, no captions, no watermark, 16:9",dissolve,pan_right,warm,light,,,,,,,
33.963,36.324,"Overhead looking straight down at a child's bare feet at a hard line where swept earth meets rough ground, photorealistic, authentic late-1800s to early-1900s central India, period-accurate clothing and setting, natural skin texture, volumetric warm dawn light, shot on 35mm, shallow depth of field, fine film grain, muted ochre and earth tones, cinematic documentary still, no on-image text, no captions, no watermark, 16:9",cut,,warm,light,,,,,,cine_dolly,
36.324,38.685,"A hand-written official register page under lamplight, columns of ink, no legible text, extreme close-up, photorealistic, authentic late-1800s to early-1900s central India, period-accurate clothing and setting, natural skin texture, volumetric warm dawn light, shot on 35mm, shallow depth of field, fine film grain, muted ochre and earth tones, cinematic documentary still, no on-image text, no captions, no watermark, 16:9",dissolve,,warm,light,,,,,,cine_punch,
38.685,41.046,"A small child standing alone and distant at the edge of a village courtyard while others sit apart, seen from behind, wide shot, photorealistic, authentic late-1800s to early-1900s central India, period-accurate clothing and setting, natural skin texture, volumetric warm dawn light, shot on 35mm, shallow depth of field, fine film grain, muted ochre and earth tones, cinematic documentary still, no on-image text, no captions, no watermark, 16:9",dissolve,,warm,light,,,,,,cine_handheld,
41.046,43.691,"A cluster of low mud-walled houses set apart at the edge of an 1890s Indian village, a bare strip of ground separating them, wide shot, photorealistic, authentic late-1800s to early-1900s central India, period-accurate clothing and setting, natural skin texture, volumetric warm dawn light, shot on 35mm, shallow depth of field, fine film grain, muted ochre and earth tones, cinematic documentary still, no on-image text, no captions, no watermark, 16:9",cut,zoom_in:1.12,warm,light,,,,,,,
43.691,46.337,"A dignified Mahar family in simple clothing standing at their doorway, warm light, photorealistic faces, honest documentary portrait, medium shot, photorealistic, authentic late-1800s to early-1900s central India, period-accurate clothing and setting, natural skin texture, volumetric warm dawn light, shot on 35mm, shallow depth of field, fine film grain, muted ochre and earth tones, cinematic documentary still, no on-image text, no captions, no watermark, 16:9",dissolve,zoom_in:1.14,warm,light,,,,,,,
46.337,49.096,"A queue of villagers at a stone well in hot light, one small group kept markedly further back, medium shot, photorealistic, authentic late-1800s to early-1900s central India, period-accurate clothing and setting, natural skin texture, volumetric warm dawn light, shot on 35mm, shallow depth of field, fine film grain, muted ochre and earth tones, cinematic documentary still, no on-image text, no captions, no watermark, 16:9",cut,,warm,light,,subtitle,अस्पृश्यता,,,cine_handheld,
49.096,51.855,"Close portrait of a weary Indian woman waiting in the heat, dust on her shawl, photorealistic, photorealistic, authentic late-1800s to early-1900s central India, period-accurate clothing and setting, natural skin texture, volumetric warm dawn light, shot on 35mm, shallow depth of field, fine film grain, muted ochre and earth tones, cinematic documentary still, no on-image text, no captions, no watermark, 16:9",dissolve,zoom_in:1.15,warm,light,,,,,,,
51.855,54.614,"An empty brass pot on cracked dry ground beside the well, harsh light, close shot, photorealistic, authentic late-1800s to early-1900s central India, period-accurate clothing and setting, natural skin texture, volumetric warm dawn light, shot on 35mm, shallow depth of field, fine film grain, muted ochre and earth tones, cinematic documentary still, no on-image text, no captions, no watermark, 16:9",dissolve,zoom_out:1.16,warm,light,,,,,,,
54.614,55.211,"A brass pot overflowing at a village well, water breaking the surface, hands and forearms only, extreme close-up, photorealistic, authentic late-1800s to early-1900s central India, period-accurate clothing and setting, natural skin texture, volumetric warm dawn light, shot on 35mm, shallow depth of field, fine film grain, muted ochre and earth tones, cinematic documentary still, no on-image text, no captions, no watermark, 16:9",cut,,warm,light,,,पानी,,,vox_title,
55.211,56.491,"A child's slate and chalk on a bare earth floor set apart from a row of wooden school desks, extreme close-up, photorealistic, authentic late-1800s to early-1900s central India, period-accurate clothing and setting, natural skin texture, volumetric warm dawn light, shot on 35mm, shallow depth of field, fine film grain, muted ochre and earth tones, cinematic documentary still, no on-image text, no captions, no watermark, 16:9",cut,,warm,light,,,स्कूल,,,vox_title,
56.491,57.600,"A temple doorway from ground level at the foot of worn stone steps, dark interior beyond, low angle, photorealistic, authentic late-1800s to early-1900s central India, period-accurate clothing and setting, natural skin texture, volumetric warm dawn light, shot on 35mm, shallow depth of field, fine film grain, muted ochre and earth tones, cinematic documentary still, no on-image text, no captions, no watermark, 16:9",cut,,warm,light,,,मंदिर,,,vox_title,
57.600,59.563,"A village square at midday, a stone platform under a peepal tree, people seated in separate clusters, wide shot, photorealistic, authentic late-1800s to early-1900s central India, period-accurate clothing and setting, natural skin texture, volumetric warm dawn light, shot on 35mm, shallow depth of field, fine film grain, muted ochre and earth tones, cinematic documentary still, no on-image text, no captions, no watermark, 16:9",cut,,warm,light,,,सार्वजनिक स्थान,,,vox_title,
59.563,61.526,"Two men in 1890s Indian dress passing on a narrow lane, both turning their bodies away, deliberate distance, medium shot, photorealistic, authentic late-1800s to early-1900s central India, period-accurate clothing and setting, natural skin texture, volumetric warm dawn light, shot on 35mm, shallow depth of field, fine film grain, muted ochre and earth tones, cinematic documentary still, no on-image text, no captions, no watermark, 16:9",cut,,warm,light,,,,,,cine_handheld,
61.526,63.488,"Close on one man averting his gaze as he passes, tense, photorealistic, photorealistic, authentic late-1800s to early-1900s central India, period-accurate clothing and setting, natural skin texture, volumetric warm dawn light, shot on 35mm, shallow depth of field, fine film grain, muted ochre and earth tones, cinematic documentary still, no on-image text, no captions, no watermark, 16:9",dissolve,zoom_in:1.14,warm,light,,,,,,,
63.488,65.980,"A modern hand lifting an old sepia photograph off a dark table, present meeting past, extreme close-up, photorealistic, authentic late-1800s to early-1900s central India, period-accurate clothing and setting, natural skin texture, volumetric warm dawn light, shot on 35mm, shallow depth of field, fine film grain, muted ochre and earth tones, cinematic documentary still, no on-image text, no captions, no watermark, 16:9",cut,,warm,light,,,,,,cine_punch,
65.980,68.472,"A sprawling late-1800s Indian town at dusk seen from a hillside, quarters divided by open ground and low walls, cooking smoke, extreme wide shot, photorealistic, authentic late-1800s to early-1900s central India, period-accurate clothing and setting, natural skin texture, volumetric warm dawn light, shot on 35mm, shallow depth of field, fine film grain, muted ochre and earth tones, cinematic documentary still, no on-image text, no captions, no watermark, 16:9",dissolve,,warm,light,,,,,,cine_dolly,
68.472,70.963,"A low mud wall dividing two narrow lanes in an old Indian town, hard shadow, medium shot, photorealistic, authentic late-1800s to early-1900s central India, period-accurate clothing and setting, natural skin texture, volumetric warm dawn light, shot on 35mm, shallow depth of field, fine film grain, muted ochre and earth tones, cinematic documentary still, no on-image text, no captions, no watermark, 16:9",dissolve,pan_left,warm,light,,,,,,,
70.963,73.455,"Overhead of townspeople gathered in separate clusters with clear empty ground between them, high shot, photorealistic, authentic late-1800s to early-1900s central India, period-accurate clothing and setting, natural skin texture, volumetric warm dawn light, shot on 35mm, shallow depth of field, fine film grain, muted ochre and earth tones, cinematic documentary still, no on-image text, no captions, no watermark, 16:9",dissolve,zoom_out:1.18,warm,light,,,,,,,
73.455,75.947,"The divided town fading into blue dusk, lamps beginning to light in separate quarters, wide shot, photorealistic, authentic late-1800s to early-1900s central India, period-accurate clothing and setting, natural skin texture, volumetric warm dawn light, shot on 35mm, shallow depth of field, fine film grain, muted ochre and earth tones, cinematic documentary still, no on-image text, no captions, no watermark, 16:9",dissolve,,warm,light,,,,,,cine_dolly,
75.947,78.507,"A small child sitting on a stone doorstep with a book open on his knees, seen from behind, a courtyard beyond, late light, medium shot, photorealistic, authentic late-1800s to early-1900s central India, period-accurate clothing and setting, natural skin texture, volumetric warm dawn light, shot on 35mm, shallow depth of field, fine film grain, muted ochre and earth tones, cinematic documentary still, no on-image text, no captions, no watermark, 16:9",cut,zoom_in:1.15,warm,light,,,,,,,
78.507,81.152,"A dignified Indian man in British-Indian army uniform, early 1900s, honest photorealistic face, warm portrait light, medium shot, photorealistic, authentic late-1800s to early-1900s central India, period-accurate clothing and setting, natural skin texture, volumetric warm dawn light, shot on 35mm, shallow depth of field, fine film grain, muted ochre and earth tones, cinematic documentary still, no on-image text, no captions, no watermark, 16:9",cut,,warm,light,,,रामजी मालोजी सकपाल,,,lower_third,sub=ब्रिटिश भारतीय सेना
81.152,83.798,"A folded army coat and cap on a wooden peg with polished boots beneath, lamplight, close shot, photorealistic, authentic late-1800s to early-1900s central India, period-accurate clothing and setting, natural skin texture, volumetric warm dawn light, shot on 35mm, shallow depth of field, fine film grain, muted ochre and earth tones, cinematic documentary still, no on-image text, no captions, no watermark, 16:9",dissolve,zoom_out:1.16,warm,light,,,,,,,
83.798,86.059,"A father's weathered hands opening a school exercise book on a low table, a child's small hand reaching in, close shot, photorealistic, authentic late-1800s to early-1900s central India, period-accurate clothing and setting, natural skin texture, volumetric warm dawn light, shot on 35mm, shallow depth of field, fine film grain, muted ochre and earth tones, cinematic documentary still, no on-image text, no captions, no watermark, 16:9",cut,zoom_in:1.18,warm,light,,,,,,,
86.059,88.320,"A father in his 30s teaching a child by lamplight at night, the father's face warm and focused, the child seen from behind, photorealistic adult, medium shot, photorealistic, authentic late-1800s to early-1900s central India, period-accurate clothing and setting, natural skin texture, volumetric warm dawn light, shot on 35mm, shallow depth of field, fine film grain, muted ochre and earth tones, cinematic documentary still, no on-image text, no captions, no watermark, 16:9",dissolve,,warm,light,,,,,,cine_dolly,
88.320,90.582,"Close on the exercise book and a slate side by side under the lamp, chalk dust, extreme close-up, photorealistic, authentic late-1800s to early-1900s central India, period-accurate clothing and setting, natural skin texture, volumetric warm dawn light, shot on 35mm, shallow depth of field, fine film grain, muted ochre and earth tones, cinematic documentary still, no on-image text, no captions, no watermark, 16:9",dissolve,zoom_in:1.2,warm,light,,,,,,,
90.582,92.843,"A father and a child studying together seen from behind over their shoulders, warm pool of lamplight in the dark room, medium shot, photorealistic, authentic late-1800s to early-1900s central India, period-accurate clothing and setting, natural skin texture, volumetric warm dawn light, shot on 35mm, shallow depth of field, fine film grain, muted ochre and earth tones, cinematic documentary still, no on-image text, no captions, no watermark, 16:9",dissolve,,warm,light,,,शिक्षा,,,vox_title,
92.843,94.863,"A spare one-room home at night lit by a single oil lamp, a family's few belongings against the wall, wide shot, photorealistic, authentic late-1800s to early-1900s central India, period-accurate clothing and setting, natural skin texture, volumetric warm dawn light, shot on 35mm, shallow depth of field, fine film grain, muted ochre and earth tones, cinematic documentary still, no on-image text, no captions, no watermark, 16:9",cut,zoom_in:1.12,warm,light,,,,,,,
94.863,96.882,"A child reading on the floor by the oil lamp seen from behind, absorbed, face not visible, close shot, photorealistic, authentic late-1800s to early-1900s central India, period-accurate clothing and setting, natural skin texture, volumetric warm dawn light, shot on 35mm, shallow depth of field, fine film grain, muted ochre and earth tones, cinematic documentary still, no on-image text, no captions, no watermark, 16:9",dissolve,,warm,light,,,,,,cine_punch,
96.882,98.902,"Close portrait of a mother in her 30s watching, quiet resolve, photorealistic adult face, warm lamplight, photorealistic, authentic late-1800s to early-1900s central India, period-accurate clothing and setting, natural skin texture, volumetric warm dawn light, shot on 35mm, shallow depth of field, fine film grain, muted ochre and earth tones, cinematic documentary still, no on-image text, no captions, no watermark, 16:9",dissolve,zoom_in:1.15,warm,light,,,,,,,
98.902,101.185,"An open page of printed Devanagari script under an oil lamp, a fingertip on a line, deep dark around, extreme close-up, photorealistic, authentic late-1800s to early-1900s central India, period-accurate clothing and setting, natural skin texture, volumetric warm dawn light, shot on 35mm, shallow depth of field, fine film grain, muted ochre and earth tones, cinematic documentary still, no on-image text, no captions, no watermark, 16:9",cut,,warm,light,,,,,,cine_punch,
101.185,103.468,"Extreme close-up of a hand following a line of Devanagari text on a page, lamplight, no face in frame, photorealistic, authentic late-1800s to early-1900s central India, period-accurate clothing and setting, natural skin texture, volumetric warm dawn light, shot on 35mm, shallow depth of field, fine film grain, muted ochre and earth tones, cinematic documentary still, no on-image text, no captions, no watermark, 16:9",dissolve,zoom_in:1.18,warm,light,,,,,,,
103.468,105.750,"A single oil-lamp flame steady against total darkness, macro, photorealistic, authentic late-1800s to early-1900s central India, period-accurate clothing and setting, natural skin texture, volumetric warm dawn light, shot on 35mm, shallow depth of field, fine film grain, muted ochre and earth tones, cinematic documentary still, no on-image text, no captions, no watermark, 16:9",dissolve,zoom_out:1.2,warm,light,,,,,,,
105.750,108.033,"A child silhouetted against a small window at dawn holding a book, face not visible, hopeful, wide shot, photorealistic, authentic late-1800s to early-1900s central India, period-accurate clothing and setting, natural skin texture, volumetric warm dawn light, shot on 35mm, shallow depth of field, fine film grain, muted ochre and earth tones, cinematic documentary still, no on-image text, no captions, no watermark, 16:9",dissolve,,warm,light,,,,,,cine_dolly,
108.033,110.337,"Over the shoulder of a child writing Devanagari letters on a slate by lamplight, seen from behind, chalk dust, close shot, photorealistic, authentic late-1800s to early-1900s central India, period-accurate clothing and setting, natural skin texture, volumetric warm dawn light, shot on 35mm, shallow depth of field, fine film grain, muted ochre and earth tones, cinematic documentary still, no on-image text, no captions, no watermark, 16:9",cut,zoom_in:1.16,warm,light,,,,,,,
110.337,112.641,"Close on a child's hands gripping chalk and pressing letters onto a slate, warm light, no face in frame, photorealistic, authentic late-1800s to early-1900s central India, period-accurate clothing and setting, natural skin texture, volumetric warm dawn light, shot on 35mm, shallow depth of field, fine film grain, muted ochre and earth tones, cinematic documentary still, no on-image text, no captions, no watermark, 16:9",dissolve,zoom_in:1.15,warm,light,,,,,,,
112.641,114.945,"A small stack of well-worn books growing on a low table, morning light, close shot, photorealistic, authentic late-1800s to early-1900s central India, period-accurate clothing and setting, natural skin texture, volumetric warm dawn light, shot on 35mm, shallow depth of field, fine film grain, muted ochre and earth tones, cinematic documentary still, no on-image text, no captions, no watermark, 16:9",dissolve,zoom_out:1.16,warm,light,,,,,,,
114.945,117.249,"A child holding a slate up seen from behind toward the light, quiet pride, face not visible, medium shot, photorealistic, authentic late-1800s to early-1900s central India, period-accurate clothing and setting, natural skin texture, volumetric warm dawn light, shot on 35mm, shallow depth of field, fine film grain, muted ochre and earth tones, cinematic documentary still, no on-image text, no captions, no watermark, 16:9",dissolve,,warm,light,,,स्वाभिमान,,,vox_title,
117.249,119.860,"A small boy walking away down a long dusty road at dawn toward a distant town, vast sky, extreme wide shot, photorealistic, authentic late-1800s to early-1900s central India, period-accurate clothing and setting, natural skin texture, volumetric warm dawn light, shot on 35mm, shallow depth of field, fine film grain, muted ochre and earth tones, cinematic documentary still, no on-image text, no captions, no watermark, 16:9",cut,,warm,light,,,,,,cine_dolly,
119.860,122.471,"The empty road stretching to the horizon, warm dust and light, wide shot, photorealistic, authentic late-1800s to early-1900s central India, period-accurate clothing and setting, natural skin texture, volumetric warm dawn light, shot on 35mm, shallow depth of field, fine film grain, muted ochre and earth tones, cinematic documentary still, no on-image text, no captions, no watermark, 16:9",dissolve,pan_right,warm,light,,,,,,,
122.471,125.083,"The boy tiny against an enormous brightening dawn sky, low angle, photorealistic, authentic late-1800s to early-1900s central India, period-accurate clothing and setting, natural skin texture, volumetric warm dawn light, shot on 35mm, shallow depth of field, fine film grain, muted ochre and earth tones, cinematic documentary still, no on-image text, no captions, no watermark, 16:9",dissolve,,warm,light,,,,,,cine_punch,
125.083,127.694,"The sun breaking fully over the plain, warm light flooding the frame, extreme wide shot, photorealistic, authentic late-1800s to early-1900s central India, period-accurate clothing and setting, natural skin texture, volumetric warm dawn light, shot on 35mm, shallow depth of field, fine film grain, muted ochre and earth tones, cinematic documentary still, no on-image text, no captions, no watermark, 16:9",dissolve,zoom_in:1.14,warm,light,,,,,,,
127.694,130.305,"The lone figure reaching a rise in the road as the town appears ahead, hopeful, extreme wide shot, photorealistic, authentic late-1800s to early-1900s central India, period-accurate clothing and setting, natural skin texture, volumetric warm dawn light, shot on 35mm, shallow depth of field, fine film grain, muted ochre and earth tones, cinematic documentary still, no on-image text, no captions, no watermark, 16:9",dissolve,,warm,light,,,भाग एक,,,lower_third,sub=जन्म और पहचान
