start,end,prompt,transition,ken_burns,grade,grain,music,ambience,text_type,text_value,narration,voice,animation,animation_params
0,2,"Lahore in 1936 seen from a rooftop at dusk, flat roofs and minarets receding into haze, kites in the distance, extreme wide shot, vast scale, human figures small in frame, high contrast lamplight palette, deep black, ink on paper, single light source, cinematic documentary photography, 35mm film, natural light, shallow depth of field, no text, no lettering, no signage, no logos, 16:9",fadeblack,,noir,medium,tension.mp3,room.mp3,,जाति का विनाश,1936। लाहौर।,,chapter_card,chapter=१९३६ · लाहौर
2,7.5,"A modest reform society meeting hall with rows of folding chairs being arranged, a table and microphone at the front, volunteers working, faces turned away, wide shot, high contrast lamplight palette, deep black, ink on paper, single light source, cinematic documentary photography, 35mm film, natural light, shallow depth of field, no text, no lettering, no signage, no logos, 16:9",dissolve,zoom_in:1.11,noir,medium,,,,,एक सामाजिक सुधार संगठन ने आंबेडकर को भाषण देने के लिए आमंत्रित किया। विषय था— जाति व्यवस्था का सुधार।,,,
7.5,9.5,"A hand writing rapidly in ink across ruled foolscap by lamplight, sheets already covered stacked beside it, words not legible, close shot, high contrast lamplight palette, deep black, ink on paper, single light source, cinematic documentary photography, 35mm film, natural light, shallow depth of field, no text, no lettering, no signage, no logos, 16:9",cut,zoom_out:1.16,noir,medium,,,,,आंबेडकर ने भाषण लिखा।,,,
9.5,15,"Three men seated around a table reading the same typed manuscript, heads bent, expressions hidden, harsh overhead light, medium shot, high contrast lamplight palette, deep black, ink on paper, single light source, cinematic documentary photography, 35mm film, natural light, shallow depth of field, no text, no lettering, no signage, no logos, 16:9",dissolve,zoom_in:1.15,noir,medium,,,,,लेकिन जब आयोजकों ने भाषण की सामग्री देखी... उन्हें लगा कि यह उनकी अपेक्षा से कहीं अधिक तीखा है।,,,
15,18,"A typed letter being folded and placed into an envelope, a hand pressing the flap closed, single hard light source, extreme close-up, detail shot, high contrast lamplight palette, deep black, ink on paper, single light source, cinematic documentary photography, 35mm film, natural light, shallow depth of field, no text, no lettering, no signage, no logos, 16:9",cut,zoom_in:1.22,noir,medium,,,,,आंबेडकर पीछे नहीं हटे। आखिरकार निमंत्रण वापस ले लिया गया।,,,
18,23.5,"A freshly bound book lying closed on a dark table under one lamp, plain cloth cover with no lettering, deep black around it, close shot, high contrast lamplight palette, deep black, ink on paper, single light source, cinematic documentary photography, 35mm film, natural light, shallow depth of field, no text, no lettering, no signage, no logos, 16:9",dissolve,,noir,medium,,,,जाति का विनाश,लेकिन भाषण रुका नहीं। आंबेडकर ने उसे प्रकाशित किया। नाम था— Annihilation of Caste. हिंदी में— जाति का विनाश।,,title_reveal,size=0.075
23.5,28,"A printing plate under raking light, the type standing in deep relief, ink catching the edges, extreme close-up, detail shot, high contrast lamplight palette, deep black, ink on paper, single light source, cinematic documentary photography, 35mm film, natural light, shallow depth of field, no text, no lettering, no signage, no logos, 16:9",dissolve,zoom_in:1.22,noir,medium,,,,,यह सिर्फ एक भाषण नहीं था। यह जाति व्यवस्था की बुनियाद पर एक वैचारिक हमला था।,,,
28,36.5,"A masonry wall being examined by lamplight, one hand resting on a low foundation stone, the courses above disappearing into darkness, medium shot, high contrast lamplight palette, deep black, ink on paper, single light source, cinematic documentary photography, 35mm film, natural light, shallow depth of field, no text, no lettering, no signage, no logos, 16:9",cut,zoom_in:1.15,noir,medium,,,,,"आंबेडकर का प्रश्न था— अगर समाज को वास्तव में बराबरी पर आधारित बनाना है, तो केवल अस्पृश्यता हटाने की बात क्यों? जाति की पूरी व्यवस्था पर सवाल क्यों नहीं?",,,
36.5,44,"A steep flight of stone steps in deep shadow lit by one lamp at the base, the upper steps invisible, nobody on them, wide shot, high contrast lamplight palette, deep black, ink on paper, single light source, cinematic documentary photography, 35mm film, natural light, shallow depth of field, no text, no lettering, no signage, no logos, 16:9",dissolve,zoom_in:1.11,noir,medium,,,,,"उनका तर्क था कि अगर जन्म के आधार पर सामाजिक श्रेणियां बनी रहेंगी, तो केवल ऊपरी स्तर पर सुधार असमानता को पूरी तरह खत्म नहीं कर पाएगा।",,,
44,54.5,"Looking straight down at a set of nested wooden boxes arranged largest to smallest on dark cloth, single hard light, high overhead shot looking straight down, high contrast lamplight palette, deep black, ink on paper, single light source, cinematic documentary photography, 35mm film, natural light, shallow depth of field, no text, no lettering, no signage, no logos, 16:9",dissolve:0.7,zoom_out:1.18,noir,medium,,,,,उन्होंने जाति को केवल एक सामाजिक बुराई के रूप में नहीं देखा। उन्होंने उसे सामाजिक संगठन की एक ऐसी प्रणाली के रूप में देखा जो लोगों को जन्म के आधार पर अलग-अलग दर्जों में बांटती है।,,,
54.5,59,"A chisel and hammer set against the base of a stone block, single light source, dust on the blade, extreme close-up, detail shot, high contrast lamplight palette, deep black, ink on paper, single light source, cinematic documentary photography, 35mm film, natural light, shallow depth of field, no text, no lettering, no signage, no logos, 16:9",cut,zoom_in:1.22,noir,medium,,,,,और इसी कारण उन्होंने केवल छुआछूत खत्म करने के बजाय जाति के विनाश की बात की।,,,
59,65.5,"Two newspapers lying open on a table beneath one lamp, columns dense and unreadable, deep shadow beyond, medium shot, high contrast lamplight palette, deep black, ink on paper, single light source, cinematic documentary photography, 35mm film, natural light, shallow depth of field, no text, no lettering, no signage, no logos, 16:9",cut,zoom_in:1.15,noir,medium,,,,,इस पुस्तक ने एक और विवाद को जन्म दिया। महात्मा गांधी ने इसके कुछ तर्कों की आलोचना की। आंबेडकर ने जवाब दिया।,,,
65.5,69,"A small lecture room at night with two lecterns facing each other and empty chairs between, one lamp burning, wide shot, high contrast lamplight palette, deep black, ink on paper, single light source, cinematic documentary photography, 35mm film, natural light, shallow depth of field, no text, no lettering, no signage, no logos, 16:9",dissolve,zoom_in:1.11,noir,medium,,,,,यह बहस भारतीय सामाजिक चिंतन के इतिहास में बहुत महत्वपूर्ण बन गई।,,,
69,78,"A packed public hall seen from behind the last row, every seat taken, a single shaft of light falling on the platform, wide shot, high contrast lamplight palette, deep black, ink on paper, single light source, cinematic documentary photography, 35mm film, natural light, shallow depth of field, no text, no lettering, no signage, no logos, 16:9",dissolve:0.7,zoom_in:1.11,noir,medium,,,,,लेकिन यहां एक बात ध्यान देने लायक है। आंबेडकर का संघर्ष केवल हिंदू समाज की आलोचना तक सीमित नहीं था। वह यह भी पूछ रहे थे— भारत में लोकतंत्र कैसे काम करेगा?,,,
78,85,"A line of people waiting at a polling table, identical ballot slips in each hand, hard lamplight, all seen from behind, medium shot, high contrast lamplight palette, deep black, ink on paper, single light source, cinematic documentary photography, 35mm film, natural light, shallow depth of field, no text, no lettering, no signage, no logos, 16:9",dissolve,zoom_in:1.15,noir,medium,,,,,क्योंकि लोकतंत्र केवल वोट डालने का नाम नहीं। अगर समाज में कुछ लोग जन्म से ऊंचे और कुछ जन्म से नीचे माने जाते हैं...,,,
85,89.5,"Two identical ballot slips lying side by side on a table, one weighted down by a heavy stone, single hard light, extreme close-up, detail shot, high contrast lamplight palette, deep black, ink on paper, single light source, cinematic documentary photography, 35mm film, natural light, shallow depth of field, no text, no lettering, no signage, no logos, 16:9",cut,,noir,medium,,,,"एक व्यक्ति, एक वोट",तो एक व्यक्ति का वोट बराबर होने के बावजूद उसकी सामाजिक स्थिति बराबर नहीं होती।,,vox_stat,
89.5,93,"A brass balance scale on a dark table with one pan held down by an unseen weight, single lamp, deep shadow, medium shot, high contrast lamplight palette, deep black, ink on paper, single light source, cinematic documentary photography, 35mm film, natural light, shallow depth of field, no text, no lettering, no signage, no logos, 16:9",cut,,noir,medium,,,,Social Democracy,यही अंतर आगे चलकर उनकी 'social democracy' की अवधारणा में दिखाई देगा।,,lower_third,"sub=राजनीतिक नहीं, सामाजिक लोकतंत्र"
93,101,"A vast dark landscape before dawn with one distant lamp burning in a doorway, sky beginning to lighten at the edge, extreme wide shot, vast scale, human figures small in frame, high contrast lamplight palette, deep black, ink on paper, single light source, cinematic documentary photography, 35mm film, natural light, shallow depth of field, no text, no lettering, no signage, no logos, 16:9",cut,pan_left,noir,medium,,,,,और इसीलिए आंबेडकर के लिए राजनीतिक स्वतंत्रता अपने आप में अंतिम लक्ष्य नहीं थी। वह पूछ रहे थे— क्या स्वतंत्र भारत सामाजिक रूप से भी स्वतंत्र भारत होगा?,,,
